1,Dodge,Dakota,1990,Green,30276
2,Toyota,Highlander,1970,Green,60781
3,Chevrolet,Silverado,2002,Orange,58485
4,Ford,Thunderbird,1987,Violet,56776
5,Ford,Fusion,1989,Violet,27503
6,Lincoln,LS,1992,Violet,56888
7,Jeep,Liberty,2004,Yellow,36860
8,Buick,Lucerne,1981,Black,47902
9,Jeep,Commander,2004,Blue,53829
10,Volkswagon,GTI,1993,Violet,27630
11,Land Rover,Freelander,2005,White,40236
12,Dodge,Grand Caravan,1989,Yellow,41270
13,Porsche,Cayenne,1989,Yellow,115103
14,GMC,Sierra 3500,1980,Yellow,55553
15,Pontiac,Torrent,1981,Black,32904
16,Buick,Lucerne,1977,Black,44272
17,Mercedes,B Class,1971,Green,35363
18,Volkswagon,Beetle,1999,White,26731
19,Hummer,H3,1988,Red,39995
20,GMC,Sierra 1500,1998,Red,67138
21,Buick,Lucerne,1998,Red,51700
22,Land Rover,Freelander,1997,Violet,41524
23,Buick,Lucerne,1989,Green,46455
24,Chevrolet,Impala,1995,Black,36792
25,Mercedes,SL Class,2004,Orange,366867
26,Porsche,Carrerra,1988,Red,164130
27,GMC,Sierra 2500HD,1979,Blue,50387
28,Ford,Freestyle,1987,Blue,48878
29,Ford,Mustang,2002,Violet,43837
30,Dodge,Ram 1500,1984,Orange,109470
31,Lincoln,Zephyr,2005,Blue,37000
32,BMW,3 Series,1995,Violet,89523
33,Buick,Lucerne,1997,Red,49132
34,Buick,Terraza,1986,Red,48429
35,Hummer,H3,1974,Black,39995
36,Dodge,Grand Caravan,2002,Green,40892
37,Mercedes,CLS Class,1998,Red,142685
38,Audi,TT,1993,Green,63648
39,Hummer,H2,1986,Yellow,67505
40,Audi,TT,1975,Violet,65749
41,Buick,Allure,1971,Yellow,36369
42,Toyota,Echo Sedan,1977,Orange,17973
43,Pontiac,Montana SV6,1976,Violet,44499
44,Toyota,Yaris Hatchback,2005,White,21228
45,Chevrolet,Express,2004,Red,47129
46,Chevrolet,Equinox,1985,White,33474
47,Toyota,Solara,2003,White,49422
48,Audi,TT,1981,White,63628
49,Toyota,Sienna,1985,Black,67888
50,Toyota,Camry,1979,Yellow,43381
51,Buick,Terraza,1996,Violet,46382
52,Jaguar,X Type,1997,Black,53995
53,Cadillac,STS,1987,Green,79472
54,Mercedes,S Class,1985,Orange,334479
55,Infiniti,G35,1971,White,51650
56,Toyota,Celica,1990,Blue,37377
57,Lincoln,Zephyr,1991,Green,37000
58,Jeep,Grand Cherokee,1979,White,55690
59,BMW,M Series,1998,Black,142674
60,Chevrolet,Suburban,1988,Violet,72916
61,Land Rover,Range Rover,1987,Green,128833
62,Mercedes,G Class,1979,Green,184127
63,Porsche,Cayenne,1979,Violet,106326
64,Toyota,RAV4,1985,Red,40243
65,Dodge,Ram 1500,1996,Orange,71861
66,Toyota,Celica,1987,Yellow,36167
67,Chevrolet,Colorado,1982,Orange,30721
68,BMW,X5,1997,Orange,114986
69,Ford,Ranger,1992,Green,38410
70,Ford,E Series,1990,Orange,46232
71,Porsche,Carrerra,1998,Yellow,181748
72,Cadillac,SRX,2002,Violet,70708
73,Chevrolet,Optra,1984,Yellow,20616
74,Ford,E Series,2002,Black,40317
75,Mercedes,S Class,1984,Blue,280807
76,Mercedes,M Class,1990,Orange,76411
77,Jeep,Grand Cherokee,1986,White,59068
78,Dodge,Grand Caravan,1992,Yellow,38608
79,BMW,7 Series,1991,White,204857
80,Mercedes,C Class,1972,Yellow,92812
81,Chevrolet,Aveo,1992,Green,15021
82,Ford,Mustang,1993,Red,38817
83,Chevrolet,Aveo,1982,Violet,14659
84,Mercedes,M Class,1970,White,79400
85,BMW,Z4,1988,Yellow,67117
86,Chrysler,Pacifica,1983,Violet,59897
87,Audi,A6,1984,Orange,81700
88,Chrysler,Pacifica,1999,Orange,59058
89,Volkswagon,Jetta,1978,White,28165
90,Porsche,Cayenne,1991,Black,108914
91,Ford,Freestyle,2003,Black,48658
92,Audi,A6,2005,Green,78993
93,Hummer,H2,1994,White,67528
94,Buick,Rendezvous,2000,Yellow,45935
95,Volkswagon,Touareg,1998,Black,71775
96,Toyota,Corolla,2001,Red,30044
97,Dodge,Ram 1500,1976,White,91351
98,Infiniti,G35,2001,Orange,56124
99,BMW,M Series,1988,Blue,151837
100,Lincoln,Mark LT,1985,White,56720
101,Jeep,Grand Cherokee,1977,Violet,55387
102,Audi,A6,1977,Orange,85541
103,GMC,Sierra 2500HD,1971,Green,54358
104,Chevrolet,HHR,1991,White,21721
105,Volkswagon,Phaeton,1994,Green,157204
106,Infiniti,G35,2005,Red,55612
107,BMW,3 Series,1984,Violet,88750
108,Ford,Ranger,2000,Violet,32388
109,Land Rover,Freelander,1986,Blue,42985
110,Dodge,Ram 1500,1975,Blue,98232
111,Mercedes,G Class,1978,White,189689
112,Cadillac,SRX,1977,Red,68769
113,Chevrolet,Suburban,1990,Red,73234
114,Chrysler,Pacifica,1989,Blue,60715
115,Dodge,Charger,1980,Violet,51442
116,Toyota,Tundra,1991,Yellow,63060
117,Lincoln,Navigator,1981,Green,81752
118,Chrysler,Sebring,1972,Red,28293
119,Chrysler,PT Cruiser,2002,Blue,40801
120,Infiniti,FX,1984,Red,70755
121,Ford,Freestyle,1978,Red,48279
122,Pontiac,Vibe,1985,Orange,26561
123,Jaguar,XK,2001,White,130351
124,BMW,3 Series,1988,Orange,70356
125,GMC,Canyon,1982,Blue,31214
126,Jaguar,XJ,1982,Blue,141009
127,Toyota,4Runner,1998,Green,64335
128,Mercedes,M Class,1972,Violet,80775
129,Ford,Focus,1999,Black,21843
130,BMW,7 Series,1979,White,227685
131,Dodge,Viper,1983,Red,131447
132,Porsche,Cayenne,1995,Black,112066
133,Chevrolet,Optra,1990,Black,20151
134,Volkswagon,Phaeton,1979,Orange,165655
135,Chevrolet,Epica,2003,Red,26605
136,Chrysler,300,1986,Red,64636
137,Infiniti,Q,1991,Green,88400
138,Buick,Rainier,1986,Violet,49350
139,Toyota,Tacoma,1971,White,44066
140,Ford,Explorer Sport Trac,2001,Orange,38330
141,Pontiac,Pursuit,1980,Orange,23552
142,Jeep,Grand Cherokee,1980,Blue,60247
143,Chevrolet,Avalanche,1986,Green,54718
144,Porsche,Cayenne,1980,Violet,117867
145,Ford,Focus,1993,Violet,23869
146,Ford,Escape,1998,Violet,49558
147,Volkswagon,Beetle,2004,Red,27084
148,Lincoln,Navigator,1972,Yellow,80450
149,GMC,Sierra 1500,1996,Black,74403
150,Dodge,Sprinter,1974,Blue,60387
151,Audi,A4,2000,Violet,59575
152,Chrysler,PT Cruiser,1989,Red,43386
153,Lincoln,Navigator,1991,Red,80208
154,Dodge,Magnum,2005,Orange,52416
155,BMW,M Series,1988,Green,152459
156,Dodge,Ram 1500,1980,Green,84436
157,Mercedes,CLS Class,1973,Blue,134326
158,Ford,F-150,1983,Green,64798
159,Dodge,Charger,1980,Yellow,50031
160,Mercedes,R Class,1974,Black,105728
161,Audi,A3,1985,Orange,51127
162,Mercedes,B Class,1978,Green,37057
163,BMW,X5,1986,Black,115085
164,Pontiac,Solstice,2000,Blue,25695
165,BMW,3 Series,1991,White,87187
166,Audi,A3,2005,Violet,53773
167,Ford,Ranger,1986,Green,37114
168,BMW,M Series,1977,Violet,122570
169,Cadillac,XLR,1986,Black,97645
170,Jeep,Commander,1971,Yellow,57756
171,Chevrolet,SSR,1981,Violet,49995
172,Lincoln,LS,1974,Red,56062
173,GMC,Savana,1979,Violet,43342
174,Ford,Five Hundred,1983,Orange,39499
175,GMC,Sierra 3500,1993,Orange,55559
176,Land Rover,Range Rover,1970,Black,122190
177,Chevrolet,SSR,1972,White,49995
178,Jaguar,S Type,1980,Green,89525
179,Infiniti,M,1990,Red,79592
180,Ford,Fusion,1980,Yellow,27465
181,Toyota,Yaris Hatchback,1988,White,20059
182,Toyota,4Runner,1998,Black,65042
183,Ford,F-150,1986,Violet,49973
184,Pontiac,Montana SV6,1982,Blue,40868
185,Ford,Explorer Sport Trac,2002,Black,36225
186,Ford,Ranger,1976,Red,32664
187,Jaguar,S Type,1997,Black,95117
188,Ford,Expedition,2005,Yellow,62096
189,Porsche,Boxter,1989,White,97213
190,Dodge,Ram 1500,1976,Blue,96852
191,Dodge,Ram 1500,1972,White,77094
192,Buick,Rainier,1983,Yellow,49350
193,Audi,A8,1999,Red,179462
194,Lincoln,Navigator,1991,Violet,81892
195,Lincoln,Navigator,2001,Red,80306
196,Pontiac,G6,1994,Blue,30283
197,Mercedes,C Class,1995,Black,73668
198,Toyota,Highlander,1993,Green,66747
199,Ford,Ranger,1986,Black,41410
200,Ford,Freestyle,1975,Violet,46336
201,Lincoln,Zephyr,1992,Yellow,37000
202,Jaguar,XJ,1991,White,141046
203,Jaguar,X Type,1974,White,50148
204,Chrysler,300,1983,Black,56558
205,Toyota,Celica,1970,Orange,41057
206,Lincoln,Navigator,1993,Orange,79119
207,BMW,5 Series,1985,White,92680
208,Chevrolet,Monte Carlo,2002,Violet,41018
209,Infiniti,M,1972,Red,88500
210,Infiniti,FX,1990,Orange,72298
211,Volkswagon,Passat,1999,Red,43310
212,Volkswagon,Passat,1988,White,50314
213,Buick,Lucerne,2003,Blue,43860
214,Land Rover,Freelander,1981,Black,41210
215,Toyota,Sequoia,1993,White,68081
216,GMC,Sierra 3500,1983,Violet,63250
217,Toyota,4Runner,1970,White,62093
218,Ford,Five Hundred,1977,Red,38925
219,Volkswagon,Golf,1980,Violet,27079
220,Buick,Allure,1980,Orange,40359
221,Cadillac,STS,1983,Orange,75787
222,Lincoln,Town Car,1998,Red,69573
223,Dodge,Ram 3500,2001,Yellow,57422
224,Hummer,H3,1974,Yellow,39995
225,Chrysler,PT Cruiser,1991,Blue,39833
226,Chevrolet,Malibu,1981,Yellow,32664
227,Jaguar,XJ,1975,Orange,141146
228,Cadillac,DTS,1999,Black,74469
229,Toyota,Sienna,1980,Violet,53676
230,Porsche,Cayenne,1987,Green,116095
231,Audi,S4,1985,Blue,75923
232,GMC,Sierra 3500,2003,White,59043
233,Jaguar,X Type,1995,Orange,55357
234,Chevrolet,Impala,1999,Red,33268
235,Audi,TT,1980,Blue,66576
236,Buick,Lucerne,2002,Red,43995
237,Land Rover,Freelander,1996,White,40429
238,Toyota,Sequoia,1987,Red,68898
239,Porsche,Carrerra,1985,Violet,197182
240,Chevrolet,Tahoe,1987,Green,63273
241,Ford,F-150,2005,Yellow,59559
242,Buick,Rainier,1986,Green,49350
243,Dodge,Viper,2000,Orange,131059
244,Jaguar,S Type,1992,Black,103540
245,Lincoln,LS,1995,Orange,60117
246,Chrysler,Crossfire,1999,Red,72635
247,Chevrolet,Express,1974,Yellow,54127
248,Dodge,SX 2.0,1982,Green,31500
249,Audi,A6,1972,Violet,79822
250,Lincoln,Navigator,1994,Blue,79643
251,Toyota,Avalon,1995,Red,49615
252,Ford,Escape,1989,Yellow,41419
253,BMW,M Series,1971,Blue,147130
254,Ford,Thunderbird,1998,Violet,56776
255,Audi,A4,1990,Black,50959
256,Audi,S4,1989,Orange,78505
257,BMW,6 Series,1975,Violet,117527
258,Jaguar,XK,1998,Yellow,127180
259,Dodge,Ram 3500,1977,Green,54170
260,GMC,Savana,2000,White,53043
261,Chevrolet,Colorado,1982,Yellow,40444
262,GMC,Savana,1998,Black,53339
263,Toyota,Yaris Hatchback,1995,Green,23487
264,GMC,Canyon,1991,Green,38166
265,Toyota,Tundra,1996,Black,68399
266,Pontiac,Grand Prix,1972,Yellow,41502
267,Cadillac,STS,1983,Blue,80335
268,Toyota,Matrix,1997,Yellow,33888
269,Chevrolet,SSR,1979,Yellow,49995
270,Chrysler,Sebring,1990,White,28295
271,Infiniti,FX,1972,Orange,86022
272,Toyota,Matrix,1973,Violet,29032
273,Jaguar,XK,2003,Blue,133690
274,Audi,A4,1975,Red,53363
275,Volkswagon,Beetle,1976,Green,26345
276,Infiniti,G35,1982,Blue,53136
277,Infiniti,QX,1996,White,77900
278,Jeep,TJ,1974,Blue,38413
279,Volkswagon,Beetle,1993,Violet,26948
280,Volkswagon,Jetta,1995,Red,28445
281,Chevrolet,HHR,1988,Black,21713
282,Dodge,Durango,2003,Black,54369
283,Dodge,Magnum,1982,Yellow,50810
284,Ford,F-250 Super Duty,2003,Green,50794
285,BMW,M Series,1971,White,133382
286,Infiniti,Q,1996,Orange,88400
287,Lincoln,LS,1977,White,56251
288,Toyota,Celica,2000,Yellow,44707
289,Jeep,Commander,1978,Yellow,56802
290,Toyota,Prius,1988,Orange,38375
291,Pontiac,Wave,1999,Red,14368
292,Chevrolet,Impala,1975,Green,38704
293,Lincoln,LS,1982,Black,59079
294,Jaguar,XK,2002,Red,131539
295,Ford,F-150,1991,White,61240
296,Chrysler,300,1972,White,52784
297,Saab,9-7X,1997,Blue,55456
298,Toyota,Sienna,1973,Orange,66509
299,Pontiac,Grand Prix,2005,Blue,38024
300,Chevrolet,Corvette,2004,Black,111570
301,Pontiac,Vibe,1984,Violet,30655
302,Volkswagon,Beetle,1974,Red,27700
303,Dodge,Sprinter,1971,Orange,59207
304,Chevrolet,Impala,1998,Black,37022
305,Land Rover,Freelander,1980,Violet,41857
306,Cadillac,DTS,1998,Orange,64363
307,Dodge,Ram 1500,1985,White,97578
308,Ford,Ranger,1974,Red,31318
309,Chevrolet,SSR,1974,White,49995
310,Lincoln,Aviator,1978,Orange,59896
311,Chevrolet,Tahoe,2000,Violet,56565
312,Land Rover,Freelander,2000,Red,42289
313,Mercedes,E Class,1981,Orange,125527
314,Ford,Thunderbird,1987,Yellow,56776
315,Dodge,Durango,2001,Violet,53848
316,Ford,Escape,1990,Violet,47436
317,Mercedes,CLK Class,1979,White,124447
318,Volkswagon,Beetle,1998,Red,26881
319,Dodge,Ram 2500,1984,Black,54153
320,Dodge,Ram 1500,1981,Red,71409
321,Ford,F-150,1979,Violet,61591
322,Volkswagon,Touareg,1977,White,76739
323,Chevrolet,Trailblazer,1981,Green,59056
324,BMW,X5,1974,Orange,133554
325,Dodge,Sprinter,1971,Orange,57696
326,Audi,A8,1972,White,243932
327,Infiniti,QX,1970,Black,77900
328,Buick,Allure,1974,Violet,38921
329,Pontiac,G6,2001,Black,35408
330,Volkswagon,Touareg,1976,Black,71141
331,Toyota,Celica,1974,Blue,38334
332,BMW,6 Series,1973,Black,119364
333,Ford,Mustang,1979,Green,48190
334,Dodge,Ram 2500,2002,Red,61134
335,Lincoln,Navigator,2003,Blue,80805
336,Ford,Freestyle,1985,Yellow,42656
337,Chevrolet,Colorado,2003,Yellow,35109
338,Infiniti,M,1990,Red,85770
339,Dodge,Caravan,2000,Black,31420
340,BMW,3 Series,1998,Yellow,90821
341,Chrysler,Sebring,1983,Green,27641
342,Pontiac,Torrent,1970,Yellow,34659
343,Pontiac,Grand Prix,1976,Yellow,43623
344,Chevrolet,Monte Carlo,1989,Green,39175
345,Chevrolet,Monte Carlo,1986,Blue,35577
346,Chevrolet,Aveo,1997,Blue,14264
347,Porsche,Carrerra,1998,Violet,160275
348,Jaguar,X Type,1995,Yellow,52610
349,Toyota,Sienna,2001,Blue,64132
350,Mercedes,SLK Class,1992,Blue,94570
351,BMW,7 Series,1972,Blue,231427
352,Dodge,Durango,1989,Red,54582
353,Buick,Lucerne,1986,Black,52163
354,Dodge,Ram 1500,1983,Orange,72100
355,Pontiac,G6,1975,White,35155
356,Ford,Freestyle,1990,Violet,49745
357,Chevrolet,Express,1981,Green,48132
358,Mercedes,C Class,2001,Violet,101779
359,Jaguar,S Type,1985,White,91789
360,Dodge,Dakota,1972,Green,31572
361,Chevrolet,Express,1993,Blue,43395
362,GMC,Sierra 1500,2003,Orange,85079
363,Chevrolet,Cobalt,1995,White,31431
364,Pontiac,Montana SV6,2005,Orange,43497
365,Ford,Escape Hybrid,1970,Red,33500
366,Ford,Ranger,1998,Green,35228
367,GMC,Envoy,1984,Black,64795
368,Buick,Terraza,1976,Black,45675
369,Saab,05-Sep,1992,Red,47173
370,Mercedes,SLK Class,1997,Red,96957
371,Jeep,TJ,1994,Black,34499
372,Mercedes,C Class,1980,Black,97371
373,Ford,Freestyle,1982,Black,50521
374,Mercedes,B Class,2004,Orange,37667
375,Ford,Ranger,1981,Yellow,31446
376,Mercedes,G Class,2004,Orange,160571
377,GMC,Sierra 3500,1992,White,66400
378,Jaguar,S Type,1970,Violet,92164
379,Jaguar,XJ,1997,Yellow,139994
380,Saab,9-7X,1989,Yellow,53917
381,Lincoln,Navigator,1986,Orange,81838
382,Infiniti,Q,1980,Yellow,88400
383,Toyota,Sequoia,1993,Red,70051
384,Ford,E Series,1977,Blue,46746
385,Toyota,Camry,2004,Green,38348
386,Toyota,Tacoma,1981,White,39243
387,Chevrolet,SSR,2001,Black,49995
388,Toyota,4Runner,1970,White,59079
389,Volkswagon,Golf,1987,Violet,26992
390,GMC,Savana,1988,Black,44016
391,Dodge,Grand Caravan,1984,Yellow,37165
392,Jaguar,S Type,1983,Black,95516
393,Ford,Mustang,1999,Black,45444
394,Ford,Mustang,1990,Violet,47989
395,Chevrolet,Express,1985,Green,41887
396,Ford,F-150,1997,Orange,50482
397,Pontiac,Torrent,1999,Violet,34390
398,Toyota,4Runner,1985,Orange,61051
399,Audi,TT,1979,Black,65856
400,Saab,9-7X,2005,Red,53627
401,Volkswagon,Jetta,1996,Violet,28818
402,Mercedes,SLK Class,1984,Orange,85456
403,Hummer,H2,1974,Blue,67513
404,Ford,Focus,1974,Black,22377
405,Porsche,Boxter,1986,Orange,114761
406,GMC,Envoy,1993,Black,67087
407,Chevrolet,Monte Carlo,1988,Violet,38992
408,Buick,Rainier,1974,Black,49350
409,Ford,E Series,1984,Orange,41445
410,Chrysler,300,1970,Orange,55366
411,Buick,Rendezvous,1999,White,47199
412,Pontiac,Torrent,1980,Yellow,34503
413,Ford,Explorer Sport Trac,1974,Blue,36623
414,GMC,Sierra 3500,1987,Green,67247
415,GMC,Envoy,1982,Violet,60702
416,GMC,Savana,1996,Yellow,46346
417,Dodge,Magnum,1983,White,49921
418,Jaguar,XJ,2001,Red,163122
419,Ford,Grand Marquis,1980,Green,46702
420,Saab,03-Sep,1974,White,63688
421,Jeep,Grand Cherokee,1980,Yellow,55731
422,Toyota,Tundra,1972,Violet,60773
423,Chrysler,Pacifica,1986,Blue,55810
424,Ford,Mustang,1974,Yellow,44636
425,Ford,Explorer Sport Trac,1992,Black,36814
426,BMW,X5,1972,Violet,106365
427,Chrysler,Crossfire,2001,White,74412
428,Infiniti,QX,2002,Orange,77900
429,Cadillac,DTS,2000,Orange,66191
430,Ford,F-350 Super Duty,1989,Black,54779
431,Chevrolet,Malibu,1985,Blue,33943
432,Ford,F-150,1999,Violet,66138
433,Volkswagon,Phaeton,2003,Green,173459
434,Dodge,Ram 2500,1999,Blue,58154
435,Cadillac,STS,1986,Red,74304
436,Infiniti,G35,1995,Green,58201
437,Ford,Explorer Sport Trac,1985,White,36660
438,Jaguar,XK,1986,Green,128833
439,Chevrolet,Silverado,1983,Blue,71171
440,Buick,Lucerne,1995,Black,42761
441,Dodge,Ram 1500,1976,Green,69979
442,BMW,Z4,1985,Orange,64219
443,Ford,Mustang,1993,Blue,44994
444,Toyota,Corolla,1998,Blue,31520
445,Chrysler,300,2000,Black,64663
446,Audi,A6,1998,Black,77877
447,Chevrolet,Malibu,1971,Orange,37681
448,Ford,Freestyle,2005,Orange,46891
449,Buick,Allure,1982,Orange,40388
450,Ford,Escape,1990,Yellow,45346
451,Porsche,Carrerra,1990,Black,158164
452,Saab,03-Sep,2002,Red,77797
453,GMC,Sierra 1500,1972,White,72617
454,Pontiac,Wave,1989,Red,13708
455,Infiniti,G35,1985,Green,51779
456,Dodge,Ram 2500,2002,Green,47736
457,Toyota,Camry,1977,Red,46517
458,Buick,Terraza,1973,Green,43509
459,Toyota,Solara,1986,Yellow,40924
460,Volkswagon,Touareg,1977,Green,70600
461,Jaguar,XJ,1999,White,162555
462,Dodge,Viper,2005,White,131162
463,Ford,F-250 Super Duty,1981,Blue,51286
464,Infiniti,FX,1983,Yellow,71006
465,Ford,F-250 Super Duty,1973,Blue,47792
466,Pontiac,Wave,1989,Red,14182
467,Chevrolet,Avalanche,1998,Red,52327
468,Dodge,Durango,1975,Orange,57542
469,Jeep,Grand Cherokee,1973,Green,54924
470,Dodge,Grand Caravan,1989,White,37965
471,Lincoln,Town Car,1989,Blue,65117
472,BMW,Z4,2004,Red,66535
473,Audi,A3,1989,White,51173
474,Chevrolet,Aveo,1976,Violet,13708
475,Chevrolet,Suburban,1992,Green,66998
476,Audi,A6,2003,Blue,86952
477,Jeep,Commander,1972,Blue,61299
478,Mercedes,SL Class,1993,Black,326740
479,Porsche,Carrerra,1993,Red,159439
480,Mercedes,S Class,1982,White,286162
481,GMC,Envoy,1985,Orange,61958
482,Ford,E Series,2003,Red,44732
483,Lincoln,Navigator,1985,Green,79702
484,Ford,Taurus,2004,Orange,29459
485,Volkswagon,Beetle,2000,Black,26506
486,Toyota,Corolla,1984,White,25519
487,Cadillac,SRX,1989,Green,69244
488,Dodge,Ram 1500,2001,Red,74492
489,GMC,Sierra 1500,1971,Yellow,65081
490,GMC,Savana,1988,Blue,53307
491,Audi,A3,1974,Yellow,49135
492,Ford,Freestyle,2003,Green,38105
493,Lincoln,Navigator,1971,Orange,81775
494,Toyota,Prius,2001,Red,38879
495,Chevrolet,Monte Carlo,1982,Violet,37223
496,Cadillac,SRX,1992,Blue,63880
497,Ford,Excursion,1987,Blue,79121
498,BMW,M Series,1977,Yellow,121339
499,Ford,Taurus,1977,Green,28906
500,Jaguar,XK,1993,White,126441
501,Ford,Freestyle,1988,Green,50020
502,Chevrolet,Suburban,1983,Violet,77231
503,Audi,TT,1989,Blue,62427
504,GMC,Sierra 2500HD,1980,Green,51577
505,Cadillac,DTS,1985,Red,70057
506,Toyota,Corolla,1989,Yellow,33642
507,Cadillac,Escalade,1979,Violet,125010
508,Cadillac,Escalade,1978,Orange,119681
509,Buick,Rendezvous,1990,Orange,57332
510,Ford,Grand Marquis,2002,Blue,47076
511,GMC,Sierra 2500HD,1974,Black,65309
512,Cadillac,STS,1989,Green,78734
513,Volkswagon,Jetta,1985,Yellow,28360
514,Chevrolet,Corvette,1986,Red,100971
515,Mercedes,E Class,1993,Green,131890
516,Chevrolet,Malibu,2005,Red,37113
517,Lincoln,Town Car,1972,Blue,71739
518,Mercedes,R Class,1996,White,118188
519,Volkswagon,Passat,1988,White,42835
520,BMW,Z4,1970,Green,66360
521,Volkswagon,Passat,1978,Red,53230
522,Hummer,H3,1976,Orange,39995
523,BMW,Z4,2005,White,63125
524,Chevrolet,Corvette,1990,Red,102050
525,Chrysler,Pacifica,1996,Green,53814
526,Audi,A3,1993,Violet,55005
527,Chevrolet,Epica,1979,Green,26605
528,Chevrolet,Optra,1977,Black,20667
529,Ford,F-250 Super Duty,1995,Green,44956
530,Volkswagon,Passat,1983,Violet,53793
531,Jaguar,XJ,2005,Yellow,156189
532,Jaguar,XJ,1992,White,127914
533,Toyota,Matrix,1987,Black,31061
534,Chevrolet,Equinox,1979,White,35031
535,BMW,Z4,1985,Green,62073
536,Pontiac,Pursuit,1988,Orange,22821
537,Mercedes,R Class,1980,Red,127204
538,Porsche,Carrerra,1974,Violet,175760
539,Mercedes,R Class,1992,Green,129035
540,Porsche,Cayenne,1974,Black,126184
541,Toyota,Sienna,1989,Yellow,70010
542,Infiniti,FX,1993,Red,82702
543,Saab,05-Sep,1991,Violet,46578
544,Chrysler,Sebring,1994,Orange,27832
545,Pontiac,Montana SV6,1990,White,40006
546,BMW,M Series,1983,White,117393
547,Pontiac,Pursuit,1998,Blue,26841
548,Volkswagon,GTI,1982,Violet,27630
549,Toyota,RAV4,1997,White,33777
550,Mercedes,M Class,1986,Black,75008
551,Dodge,Ram 3500,1989,White,58495
552,Toyota,4Runner,1996,Green,54078
553,Toyota,Sequoia,1985,Black,69557
554,Ford,Excursion,1999,Orange,77533
555,Chevrolet,Suburban,1993,Orange,67575
556,Dodge,Charger,1991,Black,50372
557,Volkswagon,Golf,1995,Violet,25483
558,Volkswagon,Golf,1983,Orange,25581
559,Chevrolet,Impala,2000,Orange,38959
560,BMW,X5,1994,Blue,130938
561,Toyota,Yaris Hatchback,1993,Green,21134
562,Toyota,Camry,1989,White,41457
563,BMW,Z4,1977,Green,60887
564,Ford,E Series,2004,Red,41614
565,Chevrolet,Impala,1999,Blue,37054
566,Mercedes,C Class,1988,Orange,104146
567,Ford,Ranger,1972,White,33078
568,Chevrolet,Aveo,1995,Green,14828
569,Jeep,Commander,1989,White,54894
570,Ford,F-350 Super Duty,2003,White,44341
571,Volkswagon,Beetle,1990,Blue,26800
572,Chrysler,Pacifica,1979,White,55754
573,Saab,9-2X,1974,Red,27511
574,Dodge,SX 2.0,1980,White,36244
575,Lincoln,Town Car,1993,Black,65867
576,GMC,Sierra 3500,1998,White,60634
577,Volkswagon,Beetle,1997,Red,27015
578,Dodge,Viper,1970,Red,130744
579,Mercedes,CLK Class,1994,Blue,119919
580,Mercedes,B Class,1973,White,38099
581,Ford,Ranger,1990,Yellow,32975
582,Chevrolet,Cobalt,1973,Blue,30434
583,Chevrolet,Avalanche,1983,White,55329
584,Mercedes,CLK Class,2004,Green,145255
585,Pontiac,Pursuit,1976,Blue,22577
586,Porsche,Cayenne,1987,Green,120595
587,Jeep,Commander,2000,Yellow,54910
588,Chevrolet,Uplander,2003,Violet,35946
589,Saab,9-7X,1983,White,55806
590,Lincoln,Mark LT,1997,Black,56106
591,Dodge,Dakota,1995,White,32054
592,Dodge,Durango,2000,Yellow,58089
593,Lincoln,LS,2005,Green,58861
594,Buick,Terraza,2005,Blue,46471
595,Ford,Grand Marquis,1973,Orange,45933
596,Chevrolet,Corvette,1991,White,101446
597,Chevrolet,Tahoe,1972,Blue,59185
598,Dodge,Magnum,1991,Yellow,52703
599,Porsche,Boxter,1976,Black,99764
600,Chevrolet,Cobalt,2004,Yellow,25240
601,Ford,Freestyle,2002,White,47827
602,Buick,Lucerne,1981,Yellow,50090
603,Pontiac,Torrent,1987,Violet,31707
604,Cadillac,SRX,1993,Black,64253
605,Saab,05-Sep,1990,White,48536
606,Ford,Ranger,1982,Violet,36385
607,BMW,5 Series,1998,Green,81588
608,Chrysler,Pacifica,1988,Black,51224
609,Chevrolet,Equinox,1984,Orange,32683
610,Chevrolet,Suburban,1993,Black,66882
611,Cadillac,CTS,1976,Blue,82497
612,Jaguar,X Type,1994,Orange,52323
613,Ford,Fusion,2000,Yellow,27167
614,Dodge,Caravan,2000,Violet,31665
615,Infiniti,QX,1990,Black,77900
616,Mercedes,C Class,1990,Blue,75754
617,BMW,X5,1999,Yellow,135678
618,Toyota,Solara,1994,Blue,50349
619,Cadillac,STS,2003,Green,80842
620,GMC,Sierra 3500,1988,Violet,60358
621,Cadillac,Escalade,1979,Black,125382
622,Jeep,Commander,1983,Black,58151
623,Chevrolet,Uplander,1994,Green,46267
624,Chevrolet,Suburban,1994,Orange,80054
625,Cadillac,SRX,1997,White,70400
626,Ford,Ranger,1987,White,33880
627,Ford,Focus,1995,Orange,26549
628,Buick,Rendezvous,1972,Black,52252
629,Land Rover,LR3,1991,Black,74934
630,Chevrolet,Monte Carlo,1999,Black,40321
631,Volkswagon,Golf,1972,Green,28287
632,Lincoln,Navigator,2003,Orange,80929
633,Hummer,H2,1996,Green,67579
634,Chevrolet,Aveo,1971,Green,14991
635,Lincoln,LS,1999,Violet,56605
636,Dodge,SX 2.0,1979,Black,33024
637,Chevrolet,Colorado,1971,Black,40308
638,GMC,Sierra 3500,2002,Red,59933
639,Hummer,H3,1977,Black,39995
640,Dodge,Sprinter,1991,Black,53881
641,Toyota,Tacoma,1997,Orange,48634
642,Pontiac,G6,1986,White,34264
643,Ford,Explorer Sport Trac,1980,Red,38741
644,Chrysler,Pacifica,1972,Violet,54584
645,Chrysler,Pacifica,1975,White,51337
646,Audi,A6,1991,Black,83571
647,Chevrolet,Cobalt,2004,Black,26821
648,Chrysler,Pacifica,1989,Violet,56749
649,Volkswagon,Phaeton,2002,Violet,143088
650,Chrysler,PT Cruiser,1993,Blue,43823
651,Infiniti,FX,1990,Blue,73817
652,GMC,Sierra 3500,1996,Yellow,58536
653,Toyota,Highlander,2000,Black,65165
654,GMC,Sierra 3500,1973,Red,61611
655,Volkswagon,Golf,1998,Black,28654
656,Toyota,4Runner,2003,Blue,59530
657,Cadillac,DTS,1999,Violet,74061
658,Toyota,Prius,1999,Green,39551
659,Cadillac,CTS,1972,Black,73822
660,Mercedes,SLK Class,2002,White,99877
661,Toyota,Tacoma,1997,Violet,54884
662,Chevrolet,Cobalt,1975,White,30361
663,Pontiac,G6,1978,Green,30289
664,Chevrolet,Malibu,1978,Blue,32025
665,Audi,TT,1978,Violet,65150
666,Audi,A8,1999,Red,200638
667,Buick,Rendezvous,2004,Orange,52019
668,Infiniti,G35,1977,Blue,56299
669,Jaguar,S Type,1990,Red,95402
670,Infiniti,QX,2000,Black,77900
671,Mercedes,SL Class,1986,Red,381152
672,BMW,X3,1986,Blue,50720
673,Buick,Lucerne,1973,Orange,49518
674,Porsche,Carrerra,1984,Violet,175178
675,Chevrolet,Trailblazer,1989,Yellow,62383
676,Land Rover,Freelander,1990,Green,40702
677,Chevrolet,Equinox,1999,Orange,34476
678,Dodge,Ram 1500,1980,White,105892
679,Ford,F-250 Super Duty,1995,Violet,46244
680,Chevrolet,Optra,1981,White,20995
681,Toyota,Celica,1982,Black,43773
682,Mercedes,R Class,1978,Yellow,111526
683,Volkswagon,Jetta,2001,Violet,28878
684,Toyota,Camry,1997,Orange,39847
685,Jeep,Commander,1971,Green,57144
686,Ford,F-350 Super Duty,2002,Black,43687
687,Ford,Fusion,1988,Green,25962
688,GMC,Sierra 1500,1992,White,61429
689,Chevrolet,Malibu,1998,Black,35579
690,Chevrolet,Malibu,1996,Green,33306
691,Ford,E Series,1974,Black,38868
692,Buick,Allure,1993,Yellow,36779
693,Toyota,Solara,1992,Orange,43929
694,Mercedes,CLK Class,1993,Blue,124757
695,Toyota,Yaris Hatchback,1973,Blue,21633
696,Audi,S4,1985,Blue,75058
697,Dodge,Caravan,1999,White,31007
698,Hummer,H3,1975,Blue,39995
699,GMC,Envoy,1984,Orange,75007
700,Jaguar,S Type,1975,Yellow,93258
701,Mercedes,G Class,1977,White,187964
702,Toyota,Prius,1992,Orange,43840
703,Ford,Focus,2002,Black,23364
704,Jeep,Liberty,1978,Orange,38489
705,Cadillac,XLR,1977,Black,97645
706,Volkswagon,Phaeton,1981,Blue,139563
707,Mercedes,S Class,1981,Violet,273542
708,BMW,3 Series,2000,Yellow,65198
709,Chevrolet,Corvette,1987,Green,101297
710,Cadillac,STS,2001,Blue,72882
711,Chevrolet,Equinox,1978,Orange,33308
712,Dodge,Sprinter,1988,Red,55814
713,Infiniti,M,1997,Green,80455
714,Porsche,Cayenne,1977,Yellow,116537
715,Chevrolet,Uplander,1970,White,45965
716,Audi,A6,1971,Green,77602
717,BMW,7 Series,1976,Violet,203239
718,Audi,TT,2002,Red,64122
719,Chevrolet,Equinox,2001,White,32113
720,Dodge,Viper,1975,White,130427
721,Ford,Ranger,1992,Orange,35935
722,BMW,5 Series,1976,White,82090
723,Audi,A8,1971,White,196781
724,Mercedes,S Class,2003,Green,273915
725,Audi,TT,1978,Red,65466
726,Saab,9-2X,2001,Green,27051
727,Chevrolet,Suburban,1972,White,66034
728,Lincoln,Zephyr,1983,Green,37000
729,Dodge,Charger,1998,Blue,47542
730,Saab,9-7X,2005,Violet,53634
731,Toyota,Corolla,1996,Yellow,31307
732,Chrysler,PT Cruiser,2003,Yellow,38240
733,Cadillac,CTS,1995,Yellow,92326
734,Mercedes,R Class,1982,Yellow,108447
735,Ford,Expedition,1983,White,61383
736,Lincoln,LS,2002,White,57883
737,Hummer,H2,1998,Orange,67506
738,Ford,Freestyle,1986,Blue,50703
739,Cadillac,CTS,1979,Green,96961
740,Toyota,Sienna,2000,Black,62118
741,Chevrolet,Cobalt,1991,Blue,29010
742,Audi,A6,1998,Orange,82376
743,Ford,Escape Hybrid,1993,Violet,33500
744,Infiniti,QX,1995,Violet,77900
745,Land Rover,Range Rover,1979,Black,121159
746,Chevrolet,Express,1994,Red,52551
747,Infiniti,G35,2002,Red,54525
748,Mercedes,C Class,2000,Violet,83300
749,Toyota,Echo Sedan,1986,Blue,17938
750,Lincoln,Mark LT,1993,Yellow,56745
751,BMW,X3,2003,Violet,52627
752,Chevrolet,Trailblazer,1988,Blue,67293
753,BMW,M Series,1981,Black,154189
754,Jaguar,XJ,1975,White,152773
755,Toyota,Highlander,2002,Orange,65557
756,Chevrolet,Optra,2004,Blue,18932
757,Jaguar,XK,1995,White,127980
758,Dodge,Magnum,1984,Black,42859
759,Volkswagon,Golf,1985,Blue,28437
760,Mercedes,C Class,2002,Orange,89200
761,Lincoln,Town Car,1996,Black,68068
762,Jaguar,XK,1970,Green,117437
763,Cadillac,STS,1973,Red,72493
764,Toyota,Celica,2000,Red,38293
765,Lincoln,Mark LT,1993,Blue,56976
766,Chevrolet,Malibu,1979,Yellow,41643
767,Toyota,Matrix,1974,Red,28378
768,Chevrolet,Cobalt,1990,Violet,28328
769,GMC,Envoy,1970,Yellow,69754
770,Audi,A4,1982,Green,56923
771,Ford,Freestyle,1973,Black,51324
772,Ford,Escape Hybrid,2002,Blue,33500
773,Lincoln,LS,1986,Orange,56384
774,Lincoln,Zephyr,1991,White,37000
775,Infiniti,Q,1982,Red,88400
776,Land Rover,Freelander,1982,Green,42422
777,Lincoln,LS,2005,Yellow,56977
778,Toyota,Corolla,1991,Green,32076
779,Ford,Explorer Sport Trac,1974,Yellow,37423
780,Lincoln,Zephyr,2004,Blue,37000
781,BMW,7 Series,1989,White,243518
782,Lincoln,Town Car,2001,Black,71327
783,Infiniti,Q,1998,Yellow,88400
784,Ford,Freestyle,1970,Violet,50897
785,Chevrolet,Silverado,1981,Yellow,50225
786,Toyota,Matrix,1992,Green,30990
787,Chrysler,Sebring,1993,White,27573
788,Dodge,Ram 1500,1994,Blue,70053
789,Pontiac,Solstice,2005,Red,25695
790,Toyota,RAV4,1994,Yellow,35965
791,Mercedes,G Class,1999,Black,168154
792,Jeep,Grand Cherokee,1978,Yellow,54730
793,Lincoln,Navigator,2003,Blue,81280
794,BMW,X3,1994,White,53619
795,Dodge,Viper,1990,White,130752
796,Jeep,Grand Cherokee,1976,Violet,56461
797,Ford,Mustang,1994,Blue,38610
798,Audi,A4,1998,Green,58378
799,Volkswagon,Beetle,1984,Red,26702
800,Chevrolet,HHR,1977,Yellow,22523
801,Infiniti,QX,2003,Blue,77900
802,Chrysler,300,2004,Blue,70337
803,Dodge,Charger,1993,Black,57178
804,Saab,03-Sep,1976,Orange,75548
805,Chrysler,PT Cruiser,2003,Red,35078
806,Chevrolet,Express,1989,Red,45451
807,Chevrolet,Epica,1973,Black,26605
808,Cadillac,DTS,1996,Black,71933
809,Dodge,Charger,1987,Green,61944
810,Buick,Terraza,1970,Orange,41753
811,Dodge,Viper,2002,Black,130110
812,Pontiac,Vibe,2001,Black,28496
813,Porsche,Boxter,1996,Green,104825
814,Jeep,Commander,1988,Black,56746
815,Pontiac,Torrent,1988,Green,35110
816,Chrysler,Crossfire,2001,Green,71899
817,Chevrolet,HHR,1987,Blue,21462
818,Volkswagon,Jetta,1987,Red,29968
819,Chevrolet,SSR,1981,Black,49995
820,Buick,Allure,1980,Blue,38344
821,Dodge,Ram 1500,1993,Violet,93696
822,Toyota,4Runner,1997,Blue,57178
823,Buick,Terraza,1973,Red,48810
824,Chevrolet,Impala,1996,Black,33451
825,Cadillac,CTS,1973,Yellow,71798
826,Lincoln,Mark LT,1971,Blue,55834
827,Chevrolet,Trailblazer,1994,Violet,65133
828,BMW,M Series,1990,White,127748
829,Audi,A8,1972,Blue,184627
830,Infiniti,FX,2003,Violet,80283
831,Saab,9-7X,1984,Blue,54759
832,Lincoln,Town Car,1985,Orange,70249
833,Ford,Escape,1975,Black,39426
834,Saab,9-7X,1994,Orange,55565
835,Mercedes,R Class,1984,White,122303
836,Mercedes,CLS Class,1981,White,150478
837,Infiniti,QX,1971,White,77900
838,Dodge,Dakota,1971,White,31425
839,Toyota,Yaris Hatchback,1970,Orange,24396
840,BMW,5 Series,1981,Red,80009
841,BMW,5 Series,1978,Orange,81533
842,Cadillac,Escalade,2002,Yellow,100103
843,Land Rover,Freelander,2004,Orange,41501
844,Chrysler,300,1983,Blue,57813
845,Buick,Rendezvous,1971,Green,47026
846,Buick,Lucerne,1972,Blue,43353
847,Ford,Grand Marquis,1999,White,46164
848,Toyota,Celica,1993,Green,39982
849,Ford,Ranger,1971,Red,36088
850,Dodge,Caravan,2003,Orange,30453
851,Cadillac,STS,1971,Yellow,81825
852,Volkswagon,Jetta,1989,Green,29887
853,Lincoln,Navigator,1976,Orange,79590
854,Audi,A8,1979,Blue,184491
855,Chevrolet,Impala,1984,White,37142
856,Chrysler,Crossfire,1973,Blue,69653
857,Cadillac,DTS,2002,Green,72468
858,Ford,F-350 Super Duty,1982,Orange,49016
859,Volkswagon,Passat,1987,Yellow,45328
860,Chevrolet,Avalanche,2001,Orange,56116
861,Toyota,Tundra,1979,Orange,48341
862,Toyota,4Runner,1983,Blue,62607
863,BMW,M Series,1973,White,135421
864,Mercedes,SLK Class,2001,Black,90593
865,Toyota,Celica,1990,Green,42488
866,Ford,Ranger,1998,Yellow,39392
867,Mercedes,G Class,2005,Green,162381
868,GMC,Sierra 3500,1987,Yellow,59765
869,Infiniti,Q,1992,Red,88400
870,Volkswagon,GTI,1999,Blue,27630
871,Lincoln,Aviator,1995,Orange,59896
872,Toyota,Tacoma,2003,Green,51206
873,Toyota,Tacoma,1986,White,53219
874,BMW,5 Series,1994,Orange,87588
875,GMC,Sierra 3500,1992,Black,54775
876,Mercedes,CLS Class,1988,Red,152249
877,Cadillac,STS,1990,Green,72015
878,Saab,03-Sep,1993,Green,70000
879,Audi,TT,1992,Green,63347
880,Buick,Rainier,1997,Green,49350
881,Chevrolet,Epica,2000,Violet,26605
882,Chevrolet,Malibu,2000,Red,34963
883,Toyota,Matrix,1999,White,26313
884,Saab,03-Sep,1991,Black,76869
885,Chevrolet,Uplander,1994,Green,43496
886,Chevrolet,Impala,1984,Black,37647
887,Chrysler,PT Cruiser,1994,Black,39985
888,Ford,Explorer Sport Trac,1973,Black,39410
889,Ford,E Series,1983,Blue,47008
890,GMC,Sierra 1500,1977,Orange,73563
891,BMW,X5,1977,White,128372
892,Saab,05-Sep,1991,Blue,46458
893,Chevrolet,Optra,2004,Violet,20269
894,Toyota,Echo Sedan,2001,Orange,19061
895,Jaguar,XK,1984,Black,132695
896,Audi,A6,1993,Black,76668
897,Land Rover,LR3,1980,Violet,71240
898,Audi,TT,1979,Black,62876
899,BMW,X5,1973,Orange,106313
900,Chevrolet,Aveo,1983,Violet,13918
901,Dodge,Ram 2500,2005,Black,48962
902,Toyota,Avalon,1987,Green,48175
903,Dodge,Ram 1500,2000,Black,72931
904,Infiniti,QX,1993,Blue,77900
905,Porsche,Carrerra,2003,White,170292
906,Volkswagon,Touareg,1989,Orange,65979
907,Chrysler,Pacifica,1993,Red,50968
908,GMC,Canyon,1978,Green,34280
909,Chevrolet,Optra,2005,Blue,20532
910,Chevrolet,Colorado,1972,Violet,33041
911,Jaguar,XK,1997,Red,136023
912,Ford,Mustang,1970,Red,45242
913,BMW,Z4,1996,Black,63453
914,BMW,X5,1993,Green,113449
915,Pontiac,Solstice,1970,Red,25695
916,Ford,Expedition,1989,Yellow,67922
917,Toyota,4Runner,2003,Yellow,65153
918,Chrysler,Sebring,1972,Black,28967
919,Ford,Ranger,2000,Yellow,40497
920,Toyota,Celica,1988,Black,43140
921,Chevrolet,Aveo,1996,Blue,14776
922,Ford,Mustang,1976,White,47150
923,Cadillac,XLR,1984,Black,97645
924,Mercedes,CLS Class,1982,White,130466
925,Ford,Ranger,1993,Yellow,30985
926,Cadillac,Escalade,1980,Blue,105297
927,Pontiac,G6,1981,Orange,32788
928,Ford,Taurus,1995,Black,28878
929,Dodge,Caravan,1988,Black,30991
930,Mercedes,E Class,2004,Yellow,124359
931,Dodge,Ram 1500,2002,Green,86532
932,Dodge,Dakota,1997,Black,32630
933,Mercedes,B Class,1987,Blue,37145
934,Jeep,Liberty,1972,Orange,35882
935,Dodge,Viper,1988,Black,131061
936,Mercedes,E Class,1991,Blue,152433
937,Toyota,RAV4,1973,Green,35955
938,Toyota,Yaris Hatchback,1996,Red,20466
939,Ford,Focus,1991,Black,24096
940,Volkswagon,Beetle,1982,Red,27417
941,Toyota,Matrix,1994,Yellow,30778
942,Jeep,Grand Cherokee,1993,Black,60732
943,Ford,Ranger,1972,Orange,33054
944,Audi,TT,2003,Red,63262
945,Lincoln,Zephyr,2004,Black,37000
946,Toyota,Sienna,2001,Green,51246
947,Lincoln,Zephyr,1996,Green,37000
948,Dodge,Charger,2005,Orange,56198
949,Toyota,Matrix,1985,Green,27017
950,Dodge,Durango,1978,Blue,56380
951,Dodge,Ram 2500,1996,Black,48365
952,BMW,X5,1973,Red,100626
953,Buick,Allure,2000,Red,39973
954,Lincoln,Town Car,1989,Green,67258
955,Lincoln,LS,1993,Orange,56509
956,Ford,Escape Hybrid,2002,Violet,33500
957,Volkswagon,Jetta,2000,White,28581
958,Chevrolet,Impala,1976,Orange,40028
959,Lincoln,LS,1992,Violet,58450
960,Volkswagon,Touareg,1986,Yellow,63941
961,Chevrolet,Aveo,1987,Violet,13575
962,Volkswagon,Beetle,1996,Orange,27185
963,Jeep,Commander,1977,Violet,54809
964,Chrysler,PT Cruiser,1995,Orange,33525
965,Mercedes,SLK Class,1975,Orange,94691
966,Ford,Five Hundred,1971,Yellow,36050
967,Chevrolet,Monte Carlo,1986,Green,37033
968,Volkswagon,GTI,1973,Yellow,27630
969,Dodge,SX 2.0,1984,Yellow,35969
970,Dodge,Viper,2001,Orange,131366
971,Chevrolet,Equinox,1985,Orange,31217
972,Toyota,Sienna,1976,White,59641
973,Lincoln,Aviator,2001,Yellow,59896
974,Ford,Focus,1980,Violet,23507
975,Chrysler,Crossfire,2000,Green,73231
976,Lincoln,Navigator,2003,Violet,81188
977,Pontiac,Grand Prix,1980,Red,40917
978,Infiniti,FX,2001,White,85222
979,Mercedes,CLK Class,1989,White,135171
980,Pontiac,Pursuit,1986,Violet,23715
981,Chevrolet,Malibu,1974,Red,40605
982,Chevrolet,Malibu,1976,Yellow,38988
983,Chevrolet,Equinox,1984,Blue,30769
984,Toyota,Tundra,1977,Blue,58264
985,Chevrolet,Colorado,1995,Yellow,40891
986,Jeep,Liberty,1990,Orange,36767
987,Mercedes,G Class,1996,Yellow,171013
988,Toyota,Tacoma,1984,Blue,45090
989,Dodge,Ram 1500,1983,Blue,69232
990,Pontiac,Solstice,1977,Red,25695
991,Saab,9-7X,1993,White,54825
992,Ford,Explorer Sport Trac,2004,Yellow,38501
993,Mercedes,G Class,1990,Black,187069
994,Mercedes,S Class,2005,Orange,330445
995,Jaguar,X Type,1973,White,55200
996,Chevrolet,Express,1977,Orange,40748
997,Saab,9-7X,1984,Black,55612
998,Chevrolet,Malibu,1996,Violet,34418
999,Cadillac,STS,1980,Red,72297
1000,Hummer,H2,2002,Black,67583
1001,Ford,Grand Marquis,1975,Yellow,46631
1002,BMW,5 Series,2003,Green,97067
1003,Porsche,Carrerra,2003,Red,176927
1004,Toyota,Prius,1993,Violet,41083
1005,Toyota,Tacoma,1971,Violet,49950
1006,Mercedes,G Class,1998,Black,154118
1007,Jaguar,XJ,2001,Orange,145643
1008,Land Rover,Range Rover,1975,Red,150203
1009,Dodge,Charger,1976,Yellow,51333
1010,Pontiac,G6,1996,Yellow,34547
1011,Chrysler,300,1979,Violet,61969
1012,Chevrolet,Corvette,1984,White,105779
1013,Cadillac,STS,2002,Violet,75869
1014,Dodge,Sprinter,1988,White,55566
1015,Ford,Fusion,1992,Violet,26178
1016,Chevrolet,Uplander,1972,Black,45347
1017,Volkswagon,Phaeton,1991,Green,174665
1018,Porsche,Cayenne,1991,Blue,118393
1019,BMW,M Series,1979,Blue,136751
1020,Dodge,Dakota,1993,Yellow,30935
1021,Mercedes,SLK Class,1997,Black,102790
1022,Toyota,Camry,1999,Blue,41225
1023,Toyota,Echo Sedan,1984,Red,18853
1024,Audi,TT,1983,Red,65458
1025,Ford,Five Hundred,1972,Blue,39963
1026,Mercedes,SL Class,1972,Yellow,356557
1027,Ford,F-150,1986,Black,60836
1028,Volkswagon,Beetle,1988,Red,26708
1029,Porsche,Boxter,1996,Green,110022
1030,Dodge,Magnum,1986,Yellow,52889
1031,Mercedes,E Class,1978,Blue,148243
1032,Buick,Allure,2003,Blue,41755
1033,Ford,Focus,1973,Orange,26012
1034,Mercedes,R Class,2000,Orange,129557
1035,Ford,Thunderbird,1984,Yellow,56776
1036,Saab,03-Sep,1974,Yellow,76996
1037,Ford,Explorer Sport Trac,2003,Violet,35976
1038,Mercedes,R Class,1991,Blue,122956
1039,Chevrolet,Malibu,1971,White,38204
1040,Toyota,Highlander,1975,Orange,55008
1041,Jaguar,XK,1979,Yellow,129290
1042,Ford,Five Hundred,1987,Green,36111
1043,BMW,3 Series,1999,Yellow,79847
1044,Audi,TT,2002,Black,64894
1045,GMC,Sierra 1500,1976,Orange,68452
1046,Ford,Fusion,1997,Black,26265
1047,Toyota,RAV4,2002,Orange,40288
1048,Mercedes,SLK Class,2001,Green,105787
1049,Dodge,Viper,1991,White,130502
1050,Chevrolet,Uplander,1975,Green,42531
1051,Chevrolet,Corvette,1998,Blue,111518
1052,Infiniti,M,1983,Blue,81367
1053,Chrysler,300,1983,White,52753
1054,Volkswagon,Touareg,1973,White,75869
1055,Lincoln,LS,1979,Red,56494
1056,Ford,F-250 Super Duty,1998,Red,47558
1057,BMW,M Series,1996,Green,121395
1058,Jeep,Liberty,2001,Black,37224
1059,Pontiac,Torrent,2002,Violet,32575
1060,Ford,Focus,1975,Orange,26098
1061,Ford,Explorer Sport Trac,2003,Violet,37922
1062,Mercedes,SL Class,1987,Red,368463
1063,Chevrolet,Tahoe,1974,Black,56632
1064,Mercedes,R Class,1988,Green,123703
1065,Chevrolet,Silverado,1983,Yellow,53680
1066,Mercedes,S Class,1994,Yellow,343009
1067,Toyota,Echo Sedan,1994,Orange,18447
1068,Ford,Expedition,2002,Violet,72055
1069,Mercedes,S Class,1987,White,245763
1070,Jeep,TJ,2001,Green,39283
1071,Chevrolet,SSR,1995,Yellow,49995
1072,Jaguar,XJ,1971,Green,128414
1073,Cadillac,STS,1983,Blue,77595
1074,Chevrolet,Suburban,1978,White,72036
1075,BMW,X3,2005,Red,50820
1076,Ford,Mustang,1988,Yellow,44635
1077,Toyota,Prius,1978,Red,40464
1078,Chevrolet,Suburban,1983,Yellow,75992
1079,Mercedes,R Class,2001,Blue,105335
1080,Ford,Five Hundred,2001,Red,36018
1081,Ford,Excursion,1983,Orange,76024
1082,Lincoln,Town Car,1980,Orange,69044
1083,Chevrolet,Monte Carlo,1992,Blue,39987
1084,Saab,03-Sep,1986,Blue,85240
1085,Infiniti,M,1972,Green,80457
1086,Jaguar,X Type,1979,Green,57430
1087,Volkswagon,GTI,1976,Blue,27630
1088,Chevrolet,Silverado,2004,Red,58662
1089,Audi,A4,1975,White,56573
1090,Ford,Excursion,1970,Orange,78137
1091,Audi,S4,1998,Violet,80049
1092,GMC,Sierra 3500,2000,Violet,56335
1093,Ford,F-250 Super Duty,1998,Black,55460
1094,Buick,Allure,1999,Orange,41110
1095,Mercedes,M Class,1984,White,88741
1096,Chevrolet,Express,2001,White,47035
1097,BMW,5 Series,1986,Black,87581
1098,Chevrolet,Express,1975,Blue,53422
1099,Volkswagon,Phaeton,1994,Yellow,169509
1100,Chevrolet,Aveo,1997,Orange,14853
1101,Toyota,Avalon,1988,Green,51469
1102,Chrysler,300,1984,White,70515
1103,Land Rover,LR3,1975,Blue,77857
1104,Dodge,Sprinter,1987,Orange,62022
1105,Land Rover,LR3,1984,Green,68980
1106,Land Rover,Freelander,1989,Violet,42764
1107,Dodge,Sprinter,1977,Red,59797
1108,Ford,Escape Hybrid,1991,Orange,33500
1109,Infiniti,G35,1979,Blue,58472
1110,Buick,Terraza,1985,Yellow,48990
1111,Cadillac,DTS,1978,Blue,67272
1112,Buick,Rainier,1974,Violet,49350
1113,Toyota,4Runner,2001,Black,64785
1114,Toyota,Matrix,1983,White,32056
1115,Volkswagon,Golf,1993,Yellow,28945
1116,Ford,Explorer Sport Trac,1986,Blue,36329
1117,Jaguar,XJ,1999,Blue,151454
1118,Land Rover,Freelander,1987,Green,40447
1119,Mercedes,CL Class,1995,Yellow,307320
1120,Mercedes,CLS Class,1990,Green,152360
1121,Toyota,Celica,1976,Orange,37332
1122,Chevrolet,Optra,1988,Blue,20020
1123,Toyota,Matrix,1973,Red,32336
1124,Audi,A3,1971,Blue,54859
1125,Chevrolet,Optra,1993,Yellow,19796
1126,Chevrolet,Aveo,1981,Orange,14776
1127,Cadillac,SRX,2002,Black,65958
1128,Volkswagon,Touareg,1992,Violet,64508
1129,Ford,Ranger,2002,Orange,40667
1130,Ford,F-150,1990,Yellow,49080
1131,Infiniti,G35,1976,Orange,55023
1132,Lincoln,Aviator,1999,Green,59896
1133,Infiniti,G35,2000,White,50515
1134,Dodge,Viper,1972,Orange,131327
1135,Audi,A4,1993,Blue,55356
1136,BMW,Z4,1984,Violet,64265
1137,Toyota,Sienna,1979,Yellow,66928
1138,Saab,05-Sep,2000,Blue,48560
1139,Ford,Focus,1986,Green,22803
1140,Chrysler,300,2000,Green,63055
1141,Cadillac,DTS,1987,Green,72779
1142,Saab,05-Sep,1998,White,48931
1143,Chevrolet,Suburban,1989,Black,72343
1144,Audi,A6,1974,Blue,82527
1145,Toyota,Tacoma,2004,Red,53087
1146,Toyota,Corolla,1997,White,25881
1147,Ford,Taurus,1976,White,30420
1148,GMC,Sierra 1500,1978,White,86502
1149,Ford,Thunderbird,1981,Black,56776
1150,Dodge,Magnum,1974,Violet,47996
1151,Toyota,Echo Sedan,1994,Red,16761
1152,Jaguar,X Type,1984,Black,56670
1153,Pontiac,Wave,1970,Violet,14968
1154,Chevrolet,Tahoe,1996,Red,61581
1155,Cadillac,Escalade,1984,Blue,110420
1156,Jaguar,X Type,1992,Orange,51749
1157,Chevrolet,SSR,1981,Red,49995
1158,Dodge,SX 2.0,1971,Yellow,30027
1159,Ford,Taurus,2003,Yellow,30510
1160,Chevrolet,Optra,1971,Orange,20101
1161,Ford,Freestyle,1978,Violet,44830
1162,BMW,7 Series,1977,Orange,197651
1163,Infiniti,M,1991,Orange,81201
1164,Cadillac,DTS,1988,Blue,69675
1165,Toyota,Celica,1972,Green,38523
1166,Ford,Ranger,1997,Violet,36389
1167,Cadillac,DTS,2000,Blue,70026
1168,Ford,Mustang,2001,Black,40969
1169,Infiniti,FX,1976,Orange,76899
1170,Mercedes,B Class,2004,Violet,36032
1171,Dodge,Sprinter,1971,Orange,56648
1172,Pontiac,Solstice,1975,Blue,25695
1173,Toyota,Echo Sedan,1976,Red,17484
1174,Chevrolet,Uplander,1973,Green,38648
1175,BMW,7 Series,1982,Black,206916
1176,Cadillac,DTS,1999,Red,64858
1177,Chevrolet,Monte Carlo,1976,Green,34210
1178,Ford,Escape Hybrid,1982,Blue,33500
1179,Ford,Escape Hybrid,1982,Orange,33500
1180,Buick,Rendezvous,1991,Violet,48256
1181,Ford,F-250 Super Duty,1982,Orange,53795
1182,Pontiac,Pursuit,1998,Blue,27507
1183,Volkswagon,Phaeton,1974,Black,152367
1184,Mercedes,S Class,1989,Violet,242707
1185,Mercedes,CL Class,1982,Violet,300380
1186,Volkswagon,Passat,1991,Orange,52046
1187,Chevrolet,Impala,1971,Red,33734
1188,Land Rover,Range Rover,1989,Violet,146518
1189,Cadillac,STS,2005,Red,69535
1190,Chevrolet,Monte Carlo,1986,Green,38010
1191,BMW,Z4,1993,Green,67674
1192,Toyota,Camry,1983,Orange,43436
1193,Chevrolet,HHR,1980,Black,23381
1194,Land Rover,LR3,1990,Green,74408
1195,Dodge,Ram 3500,1990,Orange,60767
1196,GMC,Sierra 3500,1997,Black,52057
1197,Toyota,Matrix,1987,White,33498
1198,Toyota,Yaris Hatchback,2003,Yellow,21704
1199,Mercedes,SL Class,1980,White,385148
1200,Ford,F-250 Super Duty,1985,Yellow,42833
1201,Saab,05-Sep,1995,Yellow,47229
1202,Buick,Allure,2004,Violet,40607
1203,Chevrolet,Monte Carlo,2002,White,39788
1204,Ford,Freestyle,1970,White,45468
1205,Chevrolet,Express,1986,Blue,50127
1206,Buick,Rendezvous,1992,Orange,52542
1207,Pontiac,Vibe,2003,Black,28086
1208,Chevrolet,Suburban,1990,Orange,74066
1209,Dodge,Viper,1983,Violet,131220
1210,Ford,F-150,1998,Blue,50358
1211,GMC,Savana,1979,Orange,44200
1212,Chrysler,Sebring,2000,Red,28799
1213,Toyota,Matrix,1989,Green,31601
1214,Volkswagon,Touareg,2003,Yellow,76715
1215,Buick,Rainier,1977,Blue,49350
1216,Mercedes,CLS Class,1989,Red,154267
1217,GMC,Savana,1991,Violet,49598
1218,Ford,Expedition,1980,Orange,68083
1219,Jaguar,XK,1990,Black,118885
1220,Toyota,Sienna,1974,Yellow,65653
1221,Jaguar,S Type,1983,Black,105765
1222,Ford,Freestyle,1998,Blue,37509
1223,Volkswagon,GTI,2002,Orange,27630
1224,Infiniti,G35,1984,Orange,58463
1225,Dodge,Sprinter,1989,Blue,55807
1226,Dodge,Viper,1991,Yellow,131329
1227,Ford,Ranger,2000,Violet,30984
1228,Mercedes,B Class,1993,Blue,35729
1229,Pontiac,Montana SV6,1973,Yellow,39994
1230,Buick,Allure,1983,Blue,40105
1231,Audi,TT,2002,White,62626
1232,Mercedes,R Class,1992,Yellow,112119
1233,Ford,Expedition,1978,Black,68145
1234,Cadillac,XLR,1983,Blue,97645
1235,Land Rover,Range Rover,1982,Violet,126758
1236,Chrysler,Sebring,1997,Red,27568
1237,Lincoln,LS,1980,Red,60468
1238,Land Rover,LR3,1972,Yellow,75910
1239,Land Rover,LR3,1970,Green,68306
1240,Saab,03-Sep,1987,White,71138
1241,Ford,Expedition,1993,Violet,65802
1242,GMC,Sierra 1500,1973,Blue,61470
1243,BMW,X5,1992,Yellow,135178
1244,Chevrolet,Trailblazer,1993,Violet,74722
1245,Volkswagon,Beetle,2005,White,26954
1246,Cadillac,DTS,2001,Green,64217
1247,Pontiac,Wave,1990,Violet,14084
1248,Jeep,TJ,1997,Orange,35432
1249,BMW,6 Series,1986,White,113471
1250,Mercedes,E Class,1996,Orange,123736
1251,Chevrolet,Suburban,1974,Green,64978
1252,Chevrolet,Aveo,1994,White,13583
1253,Lincoln,Navigator,1989,Red,80722
1254,Chevrolet,Optra,1991,White,18879
1255,Ford,F-350 Super Duty,2003,Violet,56668
1256,Ford,Escape Hybrid,1987,Red,33500
1257,Toyota,Matrix,1987,Yellow,26345
1258,Pontiac,Pursuit,1994,Black,27770
1259,GMC,Envoy,1970,White,59118
1260,BMW,M Series,1988,Yellow,152663
1261,Chevrolet,Suburban,2003,Black,70697
1262,Chevrolet,Epica,2000,Blue,26605
1263,Chevrolet,Epica,2000,Black,26605
1264,Mercedes,SLK Class,1989,Violet,84107
1265,Mercedes,SLK Class,1971,Violet,105307
1266,Ford,Focus,1972,Orange,24151
1267,Buick,Terraza,1986,White,45091
1268,Pontiac,Montana SV6,2000,Violet,41841
1269,BMW,X5,1970,Orange,104256
1270,BMW,7 Series,2004,White,198537
1271,Audi,A8,1970,Yellow,224709
1272,Pontiac,Grand Prix,1983,White,46337
1273,Ford,F-150,1970,Orange,50866
1274,Volkswagon,Passat,1997,Violet,47181
1275,Chevrolet,Colorado,1996,Violet,41172
1276,Mercedes,C Class,1982,Black,92854
1277,Dodge,Grand Caravan,1990,Green,40738
1278,Ford,Grand Marquis,1998,Yellow,47620
1279,Dodge,Ram 2500,1990,Black,61230
1280,Chevrolet,Monte Carlo,1997,Violet,40766
1281,Cadillac,CTS,1974,Red,86436
1282,Chevrolet,Uplander,1995,Violet,41529
1283,Ford,Excursion,1972,Yellow,73827
1284,Infiniti,QX,1976,Green,77900
1285,Jeep,Liberty,1972,Blue,40133
1286,Mercedes,SLK Class,1981,Violet,90429
1287,BMW,M Series,1990,Red,118662
1288,Volkswagon,Phaeton,2002,Violet,163295
1289,Mercedes,SL Class,1971,Green,339129
1290,Infiniti,Q,1991,White,88400
1291,Volkswagon,Beetle,1971,Yellow,27728
1292,Ford,Escape,1976,Blue,46383
1293,Porsche,Boxter,1997,Black,101522
1294,Dodge,Ram 1500,2003,Black,69813
1295,Toyota,Prius,1973,Black,44692
1296,Cadillac,XLR,2000,Violet,97645
1297,Ford,F-350 Super Duty,1970,Yellow,56431
1298,Pontiac,Solstice,2004,Orange,25695
1299,Infiniti,Q,1993,Red,88400
1300,Volkswagon,Passat,2004,Black,43607
1301,Land Rover,Range Rover,1990,White,154869
1302,Mercedes,E Class,1993,Blue,161567
1303,Dodge,Caravan,1990,Orange,31875
1304,Cadillac,SRX,1978,Blue,70252
1305,Lincoln,Aviator,1986,Violet,59896
1306,Chevrolet,Optra,2003,Black,18162
1307,Buick,Terraza,2000,Red,43615
1308,Volkswagon,Golf,1983,Orange,26447
1309,Dodge,Ram 2500,1973,Black,58251
1310,Mercedes,B Class,1970,Orange,36643
1311,Toyota,RAV4,2001,White,42419
1312,GMC,Sierra 1500,1989,Violet,82505
1313,Chrysler,Crossfire,1987,Yellow,72449
1314,Ford,F-150,1973,Yellow,62473
1315,Chevrolet,HHR,1972,Green,23248
1316,BMW,X3,1988,Black,52894
1317,Toyota,Camry,1977,Violet,39836
1318,Ford,Five Hundred,1971,White,36068
1319,Ford,Freestyle,1987,Blue,45608
1320,Jeep,Grand Cherokee,1976,Green,60557
1321,Dodge,Ram 3500,1992,Orange,54189
1322,Audi,A8,1978,Black,232454
1323,Chevrolet,Impala,1985,Orange,38475
1324,Chevrolet,SSR,1988,Black,49995
1325,Volkswagon,Phaeton,1990,Blue,149068
1326,Pontiac,Vibe,1993,Yellow,30309
1327,Chevrolet,Impala,1988,Black,37591
1328,Toyota,Highlander,1974,Violet,56801
1329,Hummer,H3,1997,White,39995
1330,Ford,Escape Hybrid,1974,Blue,33500
1331,Ford,Mustang,1974,Blue,44711
1332,Volkswagon,GTI,1983,Yellow,27630
1333,Cadillac,CTS,1975,Violet,78750
1334,Cadillac,Escalade,1977,Black,105792
1335,Dodge,Grand Caravan,1992,Yellow,38101
1336,Ford,Explorer Sport Trac,1991,Green,37190
1337,Hummer,H2,1975,Black,67574
1338,GMC,Canyon,1986,Green,36455
1339,Mercedes,G Class,2000,Red,171340
1340,Chrysler,Pacifica,1974,Black,50523
1341,Chrysler,PT Cruiser,1991,Black,34076
1342,Toyota,Avalon,1991,Violet,49214
1343,Hummer,H3,1996,Blue,39995
1344,Chevrolet,HHR,1989,Blue,22134
1345,GMC,Sierra 1500,1990,White,73752
1346,Toyota,Sequoia,2003,White,72958
1347,Pontiac,Montana SV6,1985,Green,41216
1348,Dodge,Magnum,1996,Orange,52007
1349,Chevrolet,SSR,1994,Orange,49995
1350,Cadillac,Escalade,1989,White,123804
1351,Toyota,Tundra,1998,Black,64569
1352,Jaguar,XK,1974,White,122300
1353,Porsche,Boxter,2001,Violet,99615
1354,Ford,F-350 Super Duty,1993,Blue,55795
1355,Pontiac,Pursuit,1983,Green,26860
1356,Ford,Explorer Sport Trac,1984,Orange,39579
1357,BMW,Z4,1971,White,65756
1358,Toyota,Echo Sedan,1984,White,19010
1359,Chevrolet,SSR,1974,Red,49995
1360,Mercedes,CLK Class,1980,Black,129462
1361,Buick,Terraza,1980,Green,41537
1362,Mercedes,M Class,1976,Yellow,86372
1363,Dodge,Charger,1987,Violet,62932
1364,Ford,Mustang,1981,Blue,48228
1365,Cadillac,Escalade,1983,Orange,116178
1366,Ford,Excursion,1983,White,74353
1367,Mercedes,R Class,2005,Blue,136886
1368,Chevrolet,Cobalt,1982,Black,27858
1369,Toyota,Camry,1972,Orange,46306
1370,Dodge,Caravan,1984,White,30560
1371,Cadillac,Escalade,1976,Blue,116797
1372,Chevrolet,Suburban,1973,Violet,67124
1373,BMW,7 Series,1984,White,203319
1374,Chrysler,PT Cruiser,1989,Red,43647
1375,Toyota,Solara,2002,Black,48760
1376,Cadillac,XLR,1996,Orange,97645
1377,Cadillac,Escalade,1992,Blue,124026
1378,Dodge,Caravan,1971,Violet,31985
1379,Cadillac,STS,1981,Red,81547
1380,GMC,Sierra 2500HD,1984,White,64590
1381,Ford,Mustang,1992,Yellow,49857
1382,BMW,3 Series,1996,Orange,84177
1383,Mercedes,CLS Class,1986,Green,157426
1384,Toyota,Camry,1977,Blue,44206
1385,Audi,A8,1980,Red,233157
1386,BMW,M Series,1970,Red,124781
1387,Chevrolet,HHR,1975,White,22362
1388,Toyota,Sequoia,1983,Orange,72440
1389,Mercedes,S Class,1988,Blue,317915
1390,Ford,F-250 Super Duty,1986,Red,50682
1391,Toyota,Prius,1975,Black,41229
1392,Chevrolet,Express,1970,Blue,42854
1393,Hummer,H3,1994,Black,39995
1394,Ford,Explorer Sport Trac,1979,Orange,35947
1395,Cadillac,DTS,1985,Green,65137
1396,Audi,A6,2002,Orange,80544
1397,Ford,Fusion,1998,Black,26803
1398,Chevrolet,Impala,1971,Green,35128
1399,Ford,Fusion,1995,Yellow,25641
1400,Chrysler,PT Cruiser,2001,Blue,37489
1401,Chevrolet,Cobalt,2001,Violet,30613
1402,Toyota,Corolla,1978,Yellow,29859
1403,Ford,Excursion,1997,Orange,74707
1404,Dodge,Caravan,1976,Violet,30812
1405,Audi,TT,1997,Orange,64976
1406,Jeep,Commander,1973,Blue,57575
1407,Ford,Excursion,2003,Black,71655
1408,Saab,9-7X,1979,Black,54589
1409,Jaguar,XJ,1976,Yellow,158278
1410,Dodge,Ram 2500,2000,Black,58177
1411,Ford,F-350 Super Duty,1992,Green,52141
1412,Volkswagon,Passat,2003,Orange,52276
1413,Mercedes,SLK Class,1983,Orange,85572
1414,Chevrolet,Express,1973,Green,44448
1415,Ford,Excursion,1987,Orange,69986
1416,Ford,Focus,1982,Violet,26080
1417,Saab,03-Sep,2002,Violet,78218
1418,Chevrolet,Optra,1971,Red,21137
1419,Pontiac,Grand Prix,1992,Green,38572
1420,Pontiac,Pursuit,1974,Violet,23263
1421,GMC,Sierra 3500,1983,Green,54767
1422,Jeep,Commander,1973,White,58233
1423,Volkswagon,Touareg,1986,Yellow,69593
1424,Chevrolet,Aveo,2005,Blue,14737
1425,Audi,A6,1994,White,84581
1426,Porsche,Carrerra,1995,Orange,188865
1427,Ford,Taurus,1988,Green,31717
1428,GMC,Canyon,1981,Yellow,42045
1429,Saab,9-2X,1980,Yellow,27683
1430,Mercedes,E Class,1994,White,144437
1431,Dodge,Durango,1983,White,59380
1432,BMW,M Series,2002,Green,139096
1433,Chrysler,PT Cruiser,2001,Green,42730
1434,Ford,Explorer Sport Trac,1975,Black,39653
1435,Infiniti,Q,1998,Black,88400
1436,Saab,9-2X,1976,White,27372
1437,Audi,TT,1996,Blue,62126
1438,BMW,3 Series,1975,Violet,66051
1439,Jaguar,XJ,1989,Blue,149410
1440,Jaguar,X Type,1984,Orange,50592
1441,Infiniti,QX,2003,Violet,77900
1442,Mercedes,R Class,1999,Violet,118135
1443,Ford,Escape Hybrid,2002,Yellow,33500
1444,Chevrolet,Avalanche,1993,Violet,58647
1445,BMW,X5,1995,Black,119506
1446,Ford,F-250 Super Duty,1985,Red,51704
1447,Dodge,Ram 1500,1987,Black,91326
1448,Cadillac,CTS,1990,Black,87465
1449,BMW,M Series,1974,Orange,142714
1450,Toyota,Matrix,1986,Green,34273
1451,Chrysler,Pacifica,1984,Violet,54509
1452,GMC,Sierra 1500,2004,Green,56101
1453,Volkswagon,Passat,1973,Red,53758
1454,Toyota,Corolla,2003,White,29942
1455,Volkswagon,Golf,1981,Yellow,27031
1456,Saab,9-7X,1983,White,54734
1457,Mercedes,C Class,1972,Yellow,84950
1458,BMW,7 Series,1978,Green,237111
1459,Toyota,Yaris Hatchback,1981,Yellow,23957
1460,Chevrolet,Optra,2004,Black,21308
1461,Dodge,Grand Caravan,1976,Violet,38214
1462,Toyota,Highlander,1976,Orange,58738
1463,Ford,Escape,2000,White,48032
1464,Audi,S4,1977,Red,77780
1465,BMW,Z4,1986,Green,63413
1466,BMW,5 Series,1979,Yellow,86518
1467,Hummer,H3,1987,Blue,39995
1468,Toyota,Solara,1983,White,47037
1469,Lincoln,Aviator,1997,Orange,59896
1470,Chevrolet,Avalanche,2000,Red,56879
1471,Jaguar,XK,1981,Black,126669
1472,Toyota,Avalon,1994,White,53385
1473,Ford,Freestyle,1979,Red,51519
1474,Cadillac,Escalade,1996,Yellow,115238
1475,Chevrolet,Uplander,1988,Yellow,44311
1476,Chevrolet,Corvette,1990,Black,105796
1477,Audi,S4,1983,Yellow,80791
1478,Mercedes,CLS Class,2001,White,140561
1479,Toyota,Yaris Hatchback,1971,Blue,25650
1480,Ford,Freestyle,1980,Black,49968
1481,Cadillac,STS,2000,Blue,81735
1482,Ford,Fusion,1975,Red,26260
1483,Ford,F-350 Super Duty,1999,Violet,56185
1484,Lincoln,LS,1990,Black,56561
1485,Toyota,Corolla,1988,Yellow,32509
1486,Infiniti,M,1975,Black,75507
1487,Toyota,Sequoia,2002,Blue,68512
1488,Infiniti,QX,1997,Green,77900
1489,Buick,Rainier,2000,Orange,49350
1490,Mercedes,C Class,1977,Yellow,94146
1491,Ford,F-250 Super Duty,1980,Violet,55367
1492,Dodge,Charger,1973,Red,56474
1493,Dodge,Caravan,1992,Blue,31240
1494,Pontiac,Vibe,1983,Violet,26900
1495,Jaguar,XJ,1993,Yellow,129414
1496,Cadillac,CTS,1970,Orange,79236
1497,Toyota,Tacoma,2000,Green,43472
1498,Toyota,Matrix,1992,Red,34802
1499,Mercedes,S Class,1974,Blue,307347
1500,BMW,3 Series,1978,Red,69504
1501,Pontiac,Wave,1977,Orange,14075
1502,Porsche,Carrerra,1972,Green,195526
1503,Dodge,Sprinter,1975,Blue,54242
1504,Chevrolet,Trailblazer,1992,Black,54598
1505,Jeep,Grand Cherokee,1990,Yellow,54513
1506,Chevrolet,Tahoe,1971,Orange,57538
1507,BMW,3 Series,1998,Yellow,78267
1508,Volkswagon,Golf,1979,Violet,27854
1509,Cadillac,XLR,1989,Green,97645
1510,Pontiac,Torrent,1973,Red,32437
1511,BMW,X3,1993,Red,50277
1512,Mercedes,CL Class,1979,Orange,276160
1513,Dodge,Grand Caravan,1995,Blue,40209
1514,GMC,Sierra 3500,1977,Yellow,60063
1515,Mercedes,CLS Class,1976,White,132385
1516,Cadillac,CTS,1973,Red,91967
1517,Toyota,Solara,1984,Yellow,50217
1518,Ford,Freestyle,1973,Orange,50864
1519,BMW,3 Series,1988,Blue,89232
1520,Land Rover,Freelander,1984,Orange,39513
1521,BMW,Z4,1989,Green,67315
1522,Chevrolet,Express,1979,Violet,42708
1523,Dodge,Grand Caravan,2004,Red,38917
1524,Ford,Mustang,1974,Blue,39301
1525,Cadillac,DTS,1992,Blue,67710
1526,GMC,Sierra 2500HD,1989,White,66117
1527,Toyota,Sienna,1971,Orange,51228
1528,Chevrolet,Express,2000,Blue,45547
1529,Jaguar,XK,1972,Violet,134308
1530,Pontiac,G6,1984,Black,36189
1531,Chevrolet,Tahoe,1991,White,56395
1532,Audi,TT,1972,Yellow,62347
1533,Volkswagon,GTI,1991,Orange,27630
1534,Saab,05-Sep,1975,Orange,48283
1535,Chevrolet,Avalanche,1998,Yellow,55381
1536,Chrysler,Sebring,2002,Yellow,27600
1537,Ford,Escape Hybrid,1970,Yellow,33500
1538,Toyota,Sienna,1971,Yellow,70061
1539,Chevrolet,Corvette,2001,Blue,110534
1540,Chevrolet,Trailblazer,2003,White,56462
1541,Buick,Allure,1980,Red,41289
1542,Chevrolet,Aveo,1998,Blue,14408
1543,Pontiac,Wave,1974,Red,14785
1544,Jaguar,XK,1999,White,129483
1545,Dodge,Charger,1970,White,58719
1546,Cadillac,Escalade,1998,Violet,115138
1547,Infiniti,G35,1988,Yellow,56448
1548,BMW,X3,1989,Red,52952
1549,Mercedes,B Class,1990,White,37215
1550,Pontiac,G6,1999,Yellow,31958
1551,Toyota,Tundra,1976,Red,49747
1552,Jaguar,XK,2001,Red,129310
1553,Mercedes,E Class,1980,White,142975
1554,Jeep,TJ,1980,Blue,37492
1555,Cadillac,SRX,1997,Violet,70723
