<testInput1>
251
	<level1>
	 100
		<level2>
		101
			<Info>
			"This string should be ignored"
			</Info>
		</level2>
		<level2>
		102
			<Info>
			"This string should be ignored"
			</Info>
		</level2>
	</level1>
	<level1>
	200
		<level2>
		204
			<Info>
			"This string should be ignored"
			</Info>
		</level2>
	</level1>
	<level1>
	150
		<level2>
		222
			<Info>
			"This string should be ignored"
			</Info>
		</level2>
	</level1>
	<level1>
	50
	</level1>
</testInput1>