<part> List of Products pew pew pew 
    <section> Kittens pew pew pew 
        <subsection> Siamese pew pew pew 
        </subsection>
        <subsection> Maine Coon pew pew pew 
        </subsection>
    </section>
    <section> Puppies pew pew pew 
        <subsection> Pug pew pew pew 
        </subsection>
        <subsection> Labrador Retriever pew pew pew 
        </type>
    <section> Food pew pew pew 
        <subsection> Om nom nom pew pew pew 
        </subsection>
        <subsection> Kitty Kat Krap pew pew pew 
        </subsection>
    </section>
</part>
