<?xml version="1.0" encoding="UTF-8"?>
<body>
<cd>Load added string
	<artist>Metallica added string</artist>
	<song>Fuel added string</song>
	<date>Sept 27 added string</date>
</cd>
<cd>Greatest Hits added string
	<artist>Blue Rodeo added string</artist>
	<song>5 Days in May added string</song>
	<date>Sept 05 added string</date>
</cd>
<cd>All Killer No Filler added string
	<artist>Sum 41 added string</artist>
	<song>Fat Lip added string</song>
	<date>June 20 added string</date>
</cd>
</body>